CRASH_ID,UNIT_NBR,UNIT_DESC_ID,VEH_PARKED_FL,VEH_HNR_FL,VEH_LIC_STATE_ID,VIN,VEH_MOD_YEAR,VEH_COLOR_ID,VEH_MAKE_ID,VEH_MOD_ID,VEH_BODY_STYL_ID,EMER_RESPNDR_FL,OWNR_ZIP,FIN_RESP_PROOF_ID,FIN_RESP_TYPE_ID,VEH_DMAG_AREA_1_ID,VEH_DMAG_SCL_1_ID,FORCE_DIR_1_ID,VEH_DMAG_AREA_2_ID,VEH_DMAG_SCL_2_ID,FORCE_DIR_2_ID,VEH_INVENTORIED_FL,VEH_TRANSP_NAME,VEH_TRANSP_DEST,CONTRIB_FACTR_1_ID,CONTRIB_FACTR_2_ID,CONTRIB_FACTR_P1_ID,VEH_TRVL_DIR_ID,FIRST_HARM_EVT_INV_ID,INCAP_INJRY_CNT,NONINCAP_INJRY_CNT,POSS_INJRY_CNT,NON_INJRY_CNT,UNKN_INJRY_CNT,TOT_INJRY_CNT,DEATH_CNT
15192643,1,MOTOR VEHICLE,N,N,TX,JH2505946BK300255,NA,RED,HONDA,NA,MOTORCYCLE,N,77080,1,PROOF OF LIABILITY INSURANCE,"MOTORCYCLE, SCOOTER, MOPED, ETC. ONLY",DAMAGED 1 MINIMUM,NA,NA,NA,NA,N,ALLIED COLLISION CENTER,9520 S. KIRKWOOD RD,NA,NA,DISREGARD STOP AND GO SIGNAL,SOUTH,Y,0,0,2,0,0,2,0
15193579,1,MOTOR VEHICLE,N,N,TX,1HD1FJV1XXY633075,1999,BLK,HARLEY-DAVIDSON,NA,MOTORCYCLE,N,79907,1,LIABILITY INSURANCE POLICY,FRONT END DAMAGE CONCENTRATED IMPACT,DAMAGED 1 MINIMUM,12,LEFT BACK QUARTER DAMAGE ANGULAR IMPACT,DAMAGED 1 MINIMUM,9,N,SOLEH,MUNICIPAL YARD,FAILED TO CONTROL SPEED,NA,NA,NORTHEAST,Y,0,0,1,0,0,1,0
15193644,2,MOTOR VEHICLE,N,N,TX,JYAVP11E13A048506,2003,BLU,YAMAHA,NA,MOTORCYCLE,N,,1,PROOF OF LIABILITY INSURANCE,FRONT END DAMAGE DISTRIBUTED IMPACT,DAMAGED 5,12,NA,NA,NA,N,LUBBOCK WRECKER,LUBBOCK WRECKER  3209 SLATON HWY   806-7,NONE,NA,NA,SOUTH,Y,0,1,0,0,0,1,0
15194267,1,MOTOR VEHICLE,N,N,TX,JS1GT76A562109088,2006,BLK,SUZUKI,NA,MOTORCYCLE,N,76137,2,NA,FRONT END DAMAGE DISTRIBUTED IMPACT,DAMAGED 7 HIGHEST,12,DISTRIBUTED RIGHT SIDE DAMAGE PARALLEL IMPACT,DAMAGED 5,12,N,AA WRECKER,5709 B DENTON HIGHWAY,UNSAFE SPEED,NA,NA,NORTH,Y,1,0,0,0,0,1,0
15194742,1,MOTOR VEHICLE,N,N,TX,1HD1JA5317Y014445,2007,BLK,HARLEY-DAVIDSON,NA,MOTORCYCLE,N,75771,1,PROOF OF LIABILITY INSURANCE,NA,NA,NA,NA,NA,NA,N,,,NONE,NA,NA,NORTH,Y,0,0,0,1,0,0,0
15195384,1,MOTOR VEHICLE,N,N,TX,JYAVP14E02A004362,2002,PLE,YAMAHA,NA,MOTORCYCLE,N,78577,1,LIABILITY INSURANCE POLICY,RIGHT FRONT QUARTER DAMAGE ANGULAR IMPACT,DAMAGED 2,2,RIGHT BACK QUARTER DAMAGE ANGULAR IMPACT,DAMAGED 2,5,N,DRIVERS RELATIVE,604 W. ALBATROSS PHARR TX 78577,FAULTY EVASIVE ACTION,NA,ANIMAL ON ROAD- DOMESTIC,EAST,Y,1,0,0,0,0,1,0
15195579,2,MOTOR VEHICLE,N,N,TX,JH2SC6106AK001460,NA,SIL,HONDA,UNKNOWN,MOTORCYCLE,N,79603,1,PROOF OF LIABILITY INSURANCE,"MOTORCYCLE, SCOOTER, MOPED, ETC. ONLY",DAMAGED 1 MINIMUM,12,NA,NA,NA,N,NOT TOWED,NOT TOWED,NONE,NA,NA,NORTHEAST,Y,0,1,0,0,0,1,0
15195614,2,MOTOR VEHICLE,N,Y,TX,1HD1FFW13XY645824,1999,BLK,HARLEY-DAVIDSON,NA,MOTORCYCLE,N,75051,1,PROOF OF LIABILITY INSURANCE,"MOTORCYCLE, SCOOTER, MOPED, ETC. ONLY",DAMAGED 1 MINIMUM,6,"MOTORCYCLE, SCOOTER, MOPED, ETC. ONLY",DAMAGED 1 MINIMUM,12,Y,DAVES WRECKER,3010 HARD ROCK RD. GRAND PRAIRIE,NONE,NA,NA,EAST,Y,0,1,0,0,0,1,0
15196688,1,MOTOR VEHICLE,N,N,TX,JKAZX4J1XYA003666,2000,BLK,KAWASAKI,NA,MOTORCYCLE,N,79927,3,PROOF OF LIABILITY INSURANCE,FRONT END (RIGHT)  DAMAGE PARTIAL CONTACT,DAMAGED 5,1,NA,NA,NA,N,SOCORRO TOWING,565 BUFORD RD,FAILED TO DRIVE IN SINGLE LANE,NA,SPEEDING - (OVERLIMIT),NORTH,Y,0,0,1,0,0,1,0
15197631,1,MOTOR VEHICLE,N,N,TX,1HD1LC317BC409131,NA,BLK,HARLEY-DAVIDSON,NA,MOTORCYCLE,N,77381,1,PROOF OF LIABILITY INSURANCE,"MOTORCYCLE, SCOOTER, MOPED, ETC. ONLY",DAMAGED 1 MINIMUM,NA,NA,NA,NA,Y,ALL POINTS,"123 BUISNESS PARK WILLIS, TX 77378",UNSAFE SPEED,NA,HAD BEEN DRINKING,NORTHWEST,Y,1,0,0,0,0,1,0
15198532,2,MOTOR VEHICLE,N,N,TX,1HD1CT3187K410978,2007,BLK,HARLEY-DAVIDSON,NA,MOTORCYCLE,N,76208,1,PROOF OF LIABILITY INSURANCE,"MOTORCYCLE, SCOOTER, MOPED, ETC. ONLY",DAMAGED 1 MINIMUM,6,NA,NA,NA,N,,,NONE,NA,NA,SOUTHWEST,Y,0,0,0,1,0,0,0
15198573,2,MOTOR VEHICLE,N,N,TX,1HD1CGP174K417188,2004,BLK,HARLEY-DAVIDSON,NA,MOTORCYCLE,N,77026,2,NA,DISTRIBUTED RIGHT SIDE DAMAGE PARALLEL IMPACT,DAMAGED 3,3,NA,NA,NA,N,LAWRENCE WRECKER SERVICE 281-331-5022,"4511 CR 418, ROSHARON, TX, 77583",NONE,NA,NA,WEST,Y,0,1,0,0,0,1,0
15199575,2,MOTOR VEHICLE,N,N,TX,JS1GT76A062114991,2006,BLU,SUZUKI,NA,MOTORCYCLE,N,78852,2,NA,"MOTORCYCLE, SCOOTER, MOPED, ETC. ONLY",DAMAGED 1 MINIMUM,NA,NA,NA,NA,Y,I - 2 TOWING,3100 E. BUS 83 DONNA TEXAS 78537,NA,NA,DISREGARD STOP AND GO SIGNAL,SOUTH,Y,1,0,0,0,0,1,0
15200420,1,MOTOR VEHICLE,N,N,TX,1HFSC55035A105807,2005,SIL,HONDA,NA,MOTORCYCLE,N,77662,2,NA,FRONT END DAMAGE DISTRIBUTED IMPACT,DAMAGED 3,12,LEFT FRONT QUARTER DAMAGE ANGULAR IMPACT,DAMAGED 3,10,N,TNT,WRECKER YARD,NONE,NA,NA,NORTH,Y,0,1,0,0,0,1,0
15201086,2,MOTOR VEHICLE,N,N,TX,1HD1BWV11FB024726,NA,BLK,HARLEY-DAVIDSON,NA,MOTORCYCLE,N,77382,1,PROOF OF LIABILITY INSURANCE,"MOTORCYCLE, SCOOTER, MOPED, ETC. ONLY",DAMAGED 1 MINIMUM,NA,NA,NA,NA,N,,,NONE,NA,NA,WEST,Y,0,0,0,1,0,0,0
15201231,2,MOTOR VEHICLE,N,N,TX,WB1061205EZZ25262,NA,RED,BMW,NA,MOTORCYCLE,N,79424,1,LIABILITY INSURANCE POLICY,FRONT END (RIGHT)  DAMAGE PARTIAL CONTACT,DAMAGED 1 MINIMUM,12,DISTRIBUTED RIGHT SIDE DAMAGE PARALLEL IMPACT,DAMAGED 1 MINIMUM,2,N,,,NONE,NA,NA,EAST,Y,0,0,0,1,0,0,0
15201427,1,MOTOR VEHICLE,N,N,TX,JKBVNAP152A000820,2002,BLK,KAWASAKI,UNKNOWN,MOTORCYCLE,N,76522,1,PROOF OF LIABILITY INSURANCE,"MOTORCYCLE, SCOOTER, MOPED, ETC. ONLY",DAMAGED 1 MINIMUM,NA,NA,NA,NA,N,PHIL'S TOWING,"1803 W. HWY 190 COPPERAS COVE, TX 76522",NONE,NA,NA,EAST,Y,0,1,0,0,0,1,0
15202052,2,MOTOR VEHICLE,N,N,TX,JKBVNCB1X3B517433,2003,RED,KAWASAKI,NA,MOTORCYCLE,N,79945,1,LIABILITY INSURANCE POLICY,FRONT END DAMAGE DISTRIBUTED IMPACT,NO DAMAGE,12,NA,NA,NA,N,,,NONE,NA,NA,SOUTH,Y,0,0,1,0,0,1,0
15202095,2,MOTOR VEHICLE,N,N,TX,JS1GN7BA432110082,2003,YEL,SUZUKI,NA,MOTORCYCLE,N,78745,1,PROOF OF LIABILITY INSURANCE,"MOTORCYCLE, SCOOTER, MOPED, ETC. ONLY",DAMAGED 1 MINIMUM,12,NA,NA,NA,N,ROCHAS TOWING SERVICE,ROCHAS TOWING SERVICE,NONE,NA,NA,EAST,Y,0,1,0,0,0,1,0
15202525,2,MOTOR VEHICLE,N,N,TX,KM4MP578171104214,2007,BLK,SUZUKI,UNKNOWN,MOTORCYCLE,N,75709,2,NA,"MOTORCYCLE, SCOOTER, MOPED, ETC. ONLY",DAMAGED 1 MINIMUM,12,NA,NA,NA,N,CROW TOWING,CROW LOT,NONE,NA,NA,WEST,Y,0,1,0,0,0,1,0
15203914,2,MOTOR VEHICLE,N,N,TX,SMT500PK86J253200,2006,BLK,NA,NA,MOTORCYCLE,N,77571,1,PROOF OF LIABILITY INSURANCE,FRONT END DAMAGE CONCENTRATED IMPACT,DAMAGED 2,12,NA,NA,NA,,ACTION TOWING,"827 W LEAGUE CITY PKWY, LEAGUE CITY",NONE,NA,NA,WEST,Y,0,1,0,0,0,1,0
15205415,1,MOTOR VEHICLE,N,N,TX,1HD1GYM13FC317844,NA,WHI,HARLEY-DAVIDSON,NA,MOTORCYCLE,N,77586,1,PROOF OF LIABILITY INSURANCE,"MOTORCYCLE, SCOOTER, MOPED, ETC. ONLY",DAMAGED 1 MINIMUM,1,NA,NA,NA,N,,,HAD BEEN DRINKING,NA,NA,NORTHEAST,Y,0,1,0,0,0,1,0
15205519,2,MOTOR VEHICLE,N,N,TX,1HFSC18092A602411,2002,RED,HONDA,NA,MOTORCYCLE,N,77590,2,NA,FRONT END DAMAGE CONCENTRATED IMPACT,DAMAGED 3,12,NA,NA,NA,N,BILL'S WRECKER SERVICE,BILL'S WRECKER SERVICE,NONE,NA,NA,EAST,Y,1,0,0,0,0,1,0
15205719,2,MOTOR VEHICLE,N,N,NC,1HD1BJL1XHY010510,1998,BLK,HARLEY-DAVIDSON,UNKNOWN,MOTORCYCLE,N,28036-9505,1,LIABILITY INSURANCE POLICY,RIGHT SIDE DAMAGE ANGULAR IMPACT,DAMAGED 5,3,NA,NA,NA,Y,HD WRECKER,HD WRECKER,NONE,NA,NA,NORTH,Y,1,0,0,0,0,1,0
15206601,1,MOTOR VEHICLE,N,N,TX,JS1GN7BA612103065,2001,BLK,SUZUKI,NA,MOTORCYCLE,N,75644,2,NA,LEFT SIDE DAMAGE ANGULAR IMPACT,DAMAGED 3,9,RIGHT SIDE DAMAGE ANGULAR IMPACT,DAMAGED 1 MINIMUM,3,N,,,CHANGED LANE WHEN UNSAFE,NA,NA,SOUTH,Y,0,0,1,0,0,1,0
15207109,1,MOTOR VEHICLE,N,N,TX,JS1VP52A5Y2103865,2000,MUL,SUZUKI,UNKNOWN,MOTORCYCLE,N,79410,1,LIABILITY INSURANCE POLICY,"MOTORCYCLE, SCOOTER, MOPED, ETC. ONLY",DAMAGED 1 MINIMUM,NA,NA,NA,NA,Y,LUBBOCK WRECKER SERVICE,"3209 E SLATON HWY, LUBBOCK, TEXAS 79404",FAILED TO PASS TO LEFT SAFELY,NA,NA,NORTH,Y,1,0,0,0,0,1,0
15207168,2,MOTOR VEHICLE,N,N,TX,1HD1FC415AB618944,NA,BLK,HARLEY-DAVIDSON,NA,MOTORCYCLE,N,75407,1,LIABILITY INSURANCE POLICY,BACK END DAMAGE DISTRIBUTED IMPACT,DAMAGED 6,6,NA,NA,NA,Y,PRO TOW,IRVING AUTO POUND,NONE,NA,NA,EAST,Y,0,0,2,0,0,2,0
15207177,2,MOTOR VEHICLE,N,N,TX,JYAVP27E5AA012537,NA,RED,YAMAHA,NA,MOTORCYCLE,N,77024,1,PROOF OF LIABILITY INSURANCE,"MOTORCYCLE, SCOOTER, MOPED, ETC. ONLY",DAMAGED 1 MINIMUM,NA,NA,NA,NA,Y,ALIEF TOWING,1700 BRITTMOORE,NONE,NA,NA,EAST,Y,1,0,0,0,0,1,0
15207247,1,MOTOR VEHICLE,N,N,TX,1HFSC55077A307505,2007,BLU,HONDA,NA,MOTORCYCLE,N,76107,1,PROOF OF LIABILITY INSURANCE,DISTRIBUTED LEFT SIDE DAMAGE PARALLEL IMPACT,DAMAGED 2,9,DISTRIBUTED RIGHT SIDE DAMAGE PARALLEL IMPACT,DAMAGED 2,3,Y,PETTYS SERVICE CENTER,5110 IH 30 GREENVILLE TX. 75401,UNSAFE SPEED,NA,NA,NORTHEAST,Y,1,0,0,0,0,1,0
15207303,1,MOTOR VEHICLE,N,N,TX,JKBVNKA137A024443,2007,RED,KAWASAKI,NA,MOTORCYCLE,N,77665,1,LIABILITY INSURANCE POLICY,DISTRIBUTED LEFT SIDE DAMAGE PARALLEL IMPACT,DAMAGED 2,11,RIGHT SIDE DAMAGE ANGULAR IMPACT,DAMAGED 2,1,N,K AND K,DRIVERS TRAILER,OTHER (EXPLAIN IN NARRATIVE),NA,DRIVER INATTENTION,SOUTHEAST,Y,0,0,1,0,0,1,0
15208414,1,MOTOR VEHICLE,N,N,TX,1HD1CAP11RY218378,1994,BLK,HARLEY-DAVIDSON,NA,MOTORCYCLE,N,78664,1,LIABILITY INSURANCE POLICY,FRONT END DAMAGE DISTRIBUTED IMPACT,DAMAGED 1 MINIMUM,12,NA,NA,NA,N,OWNER,OWNER,HAD BEEN DRINKING,FAILED TO CONTROL SPEED,NA,NORTHWEST,Y,0,0,0,1,0,0,0
15208517,2,MOTOR VEHICLE,N,N,TX,JH2SC6114AK000560,NA,BLU,HONDA,NA,MOTORCYCLE,N,76657,1,LIABILITY INSURANCE POLICY,RIGHT BACK QUARTER DAMAGE ANGULAR IMPACT,DAMAGED 1 MINIMUM,4,LEFT SIDE DAMAGE ANGULAR IMPACT,DAMAGED 1 MINIMUM,NA,N,TOW KING,"7901BAGBY , WACO TX",NONE,NA,NA,SOUTH,Y,0,1,0,0,0,1,0
15209723,2,MOTOR VEHICLE,N,N,TX,JH2RC50364K010328,2004,SIL,HONDA,UNKNOWN,MOTORCYCLE,N,79761,1,PROOF OF LIABILITY INSURANCE,RIGHT SIDE DAMAGE ANGULAR IMPACT,DAMAGED 2,3,NA,NA,NA,N,NEAL POOL REKERS,1117 S GRANT AVE,NONE,NA,NA,NORTH,Y,0,1,0,0,0,1,0
15209925,2,MOTOR VEHICLE,N,N,TX,1HD1EDL10PY113300,1993,BLK,HARLEY-DAVIDSON,NA,MOTORCYCLE,N,77627,1,LIABILITY INSURANCE POLICY,FRONT END DAMAGE DISTRIBUTED IMPACT,DAMAGED 2,12,NA,NA,NA,N,BRIANS WRECKER SERVICE,AWAY FROM SCENE,NONE,NA,NA,NORTH,Y,0,0,0,1,0,0,0
15210163,1,MOTOR VEHICLE,N,N,TX,1HD1GM4179K303822,NA,SIL,HARLEY-DAVIDSON,NA,MOTORCYCLE,N,,1,PROOF OF LIABILITY INSURANCE,"MOTORCYCLE, SCOOTER, MOPED, ETC. ONLY",DAMAGED 1 MINIMUM,12,NA,NA,NA,N,DALE MULLEN,PRIVATE TOW,FAILED TO CONTROL SPEED,NA,NA,NORTH,N,0,1,0,0,0,1,0
15210724,2,MOTOR VEHICLE,N,N,TX,1HD1JK5118Y054661,NA,BLK,HARLEY-DAVIDSON,NA,MOTORCYCLE,N,79102,1,PROOF OF LIABILITY INSURANCE,"MOTORCYCLE, SCOOTER, MOPED, ETC. ONLY",DAMAGED 1 MINIMUM,11,NA,NA,NA,N,,,NONE,NA,NA,WEST,Y,0,1,0,0,0,1,0
15211705,2,MOTOR VEHICLE,N,N,TX,1HD1KEM26DB640956,NA,BLK,HARLEY-DAVIDSON,UNKNOWN,MOTORCYCLE,N,77047,1,LIABILITY INSURANCE POLICY,FRONT END DAMAGE DISTRIBUTED IMPACT,DAMAGED 2,NA,NA,NA,NA,N,,,NONE,NA,NA,NORTH,Y,0,0,1,0,0,1,0
15212662,2,MOTOR VEHICLE,N,N,TX,1HD1JK510AB024897,NA,BLU,HARLEY-DAVIDSON,UNKNOWN,MOTORCYCLE,N,78112,1,PROOF OF LIABILITY INSURANCE,FRONT END DAMAGE DISTRIBUTED IMPACT,DAMAGED 2,12,NA,NA,NA,N,CONTRACT WRECKER,GROWDON POUND,NONE,NA,NA,NORTH,Y,0,1,0,0,0,1,0
15213973,2,NON-CONTACT,N,N,TX,WB10418A2WZC63392,1998,BLK,BMW,NA,MOTORCYCLE,N,76065,1,PROOF OF LIABILITY INSURANCE,NA,NA,NA,NA,NA,NA,N,,,FAILED TO YIELD ROW - PRIVATE DRIVE,NA,HAD BEEN DRINKING,WEST,N,0,0,0,1,0,0,0
15213996,1,MOTOR VEHICLE,N,N,TX,1HD1KGM11BB661875,NA,BLK,HARLEY-DAVIDSON,NA,MOTORCYCLE,N,77316,1,PROOF OF LIABILITY INSURANCE,DISTRIBUTED RIGHT SIDE DAMAGE PARALLEL IMPACT,DAMAGED 1 MINIMUM,12,DISTRIBUTED LEFT SIDE DAMAGE PARALLEL IMPACT,DAMAGED 1 MINIMUM,9,Y,"MILSTEAD TO0WING, 281-367-3535","2416 N. FRAZIER ST, COROE, TX 77303",UNSAFE SPEED,NA,NA,SOUTH,Y,1,0,0,0,0,1,0
15215129,2,MOTOR VEHICLE,N,N,TX,JH2SC6609AK000862,NA,BLK,HONDA,NA,MOTORCYCLE,N,77627,2,NA,NA,NA,NA,NA,NA,NA,N,,,NONE,NA,NA,NORTH,Y,0,0,1,1,0,1,0
15215739,2,MOTOR VEHICLE,N,N,TX,JH2SC500X2M003052,2002,RED,HONDA,NA,MOTORCYCLE,N,76131,1,PROOF OF LIABILITY INSURANCE,"MOTORCYCLE, SCOOTER, MOPED, ETC. ONLY",DAMAGED 1 MINIMUM,NA,NA,NA,NA,N,ECONOMY TOWING,ECONOMY TOWING STORAGE FACILITY,NONE,NA,NA,WEST,Y,0,2,0,0,0,2,0
15215739,3,MOTOR VEHICLE,N,N,TX,JH2SC3306XM303212,1999,RED,HONDA,NA,MOTORCYCLE,N,78016,2,NA,"MOTORCYCLE, SCOOTER, MOPED, ETC. ONLY",DAMAGED 1 MINIMUM,NA,NA,NA,NA,N,ECONOMY TOWING,ECONOMY TOWING STORAGE FACILITY,NONE,NA,NA,WEST,N,0,1,0,0,0,1,0
15216860,2,MOTOR VEHICLE,N,N,OK,1HD1BX5197Y054948,2007,SIL,HARLEY-DAVIDSON,UNKNOWN,MOTORCYCLE,N,74726,1,PROOF OF LIABILITY INSURANCE,FRONT END DAMAGE DISTRIBUTED IMPACT,DAMAGED 3,NA,NA,NA,NA,N,,,DRIVER INATTENTION,FAILED TO CONTROL SPEED,NA,EAST,N,0,0,1,0,0,1,0
15217035,1,MOTOR VEHICLE,N,N,TX,JS1GR7KA472113140,2007,BLK,SUZUKI,NA,MOTORCYCLE,N,78613,1,PROOF OF LIABILITY INSURANCE,DISTRIBUTED RIGHT SIDE DAMAGE PARALLEL IMPACT,DAMAGED 2,4,NA,NA,NA,N,620 LAKESIDE TOWING,620 LAKESIDE TOWING,NONE,NA,NA,NORTH,Y,0,1,0,0,0,1,0
15217990,2,MOTOR VEHICLE,N,N,NM,JKAZX4P147A011588,2007,GRY,KAWASAKI,NA,MOTORCYCLE,N,79936,2,NA,"MOTORCYCLE, SCOOTER, MOPED, ETC. ONLY",DAMAGED 1 MINIMUM,12,NA,NA,NA,,DEPENDABLE,11615 RAILROAD,NONE,NA,NA,WEST,Y,0,0,0,0,0,0,1
15218791,2,MOTOR VEHICLE,N,N,TX,1HFSC526X6A308011,2006,BLK,HONDA,NA,MOTORCYCLE,N,75757,1,PROOF OF LIABILITY INSURANCE,"MOTORCYCLE, SCOOTER, MOPED, ETC. ONLY",DAMAGED 1 MINIMUM,NA,NA,NA,NA,Y,CROW TOWING  903-561-2769,"2929 CROW RD; TYLER, TX 75703",NONE,NA,NA,NORTH,Y,1,0,0,0,0,1,0
15219650,1,MOTOR VEHICLE,N,N,TX,1HD1CT317GC437941,NA,ONG,HARLEY-DAVIDSON,NA,MOTORCYCLE,N,76574,1,PROOF OF LIABILITY INSURANCE,DISTRIBUTED LEFT SIDE DAMAGE PARALLEL IMPACT,DAMAGED 1 MINIMUM,11,RIGHT SIDE DAMAGE ANGULAR IMPACT,DAMAGED 1 MINIMUM,3,N,NOT TOWED,LEFT ON SCENE,FAILED TO CONTROL SPEED,NA,NA,NORTH,Y,0,1,0,0,0,1,0
15224429,1,MOTOR VEHICLE,N,N,TX,JYARJ16E59A012046,NA,BLK,YAMAHA,UNKNOWN,MOTORCYCLE,N,78628,2,NA,"MOTORCYCLE, SCOOTER, MOPED, ETC. ONLY",DAMAGED 1 MINIMUM,NA,NA,NA,NA,Y,TIP TOW TOWING,"40101 INDUSTRIAL PARK LN GEORGETOWN, TX",UNSAFE SPEED,UNDER INFLUENCE - ALCOHOL,NA,SOUTHWEST,Y,0,1,0,0,0,1,0
15224671,1,MOTOR VEHICLE,N,N,TX,1HD1FVW106Y601885,2006,BLK,HARLEY-DAVIDSON,NA,MOTORCYCLE,N,75201,1,PROOF OF LIABILITY INSURANCE,"MOTORCYCLE, SCOOTER, MOPED, ETC. ONLY",DAMAGED 1 MINIMUM,12,NA,NA,NA,,CONTRACT WRECKER,"1955 VILBIG, DALLAS, TEXAS",SPEEDING - (OVERLIMIT),NA,HAD BEEN DRINKING,SOUTHWEST,Y,0,0,1,0,0,1,0