CRASH_ID,UNIT_NBR,UNIT_DESC_ID,VEH_PARKED_FL,VEH_HNR_FL,VEH_LIC_STATE_ID,VIN,VEH_MOD_YEAR,VEH_COLOR_ID,VEH_MAKE_ID,VEH_MOD_ID,VEH_BODY_STYL_ID,EMER_RESPNDR_FL,OWNR_ZIP,FIN_RESP_PROOF_ID,FIN_RESP_TYPE_ID,VEH_DMAG_AREA_1_ID,VEH_DMAG_SCL_1_ID,FORCE_DIR_1_ID,VEH_DMAG_AREA_2_ID,VEH_DMAG_SCL_2_ID,FORCE_DIR_2_ID,VEH_INVENTORIED_FL,VEH_TRANSP_NAME,VEH_TRANSP_DEST,CONTRIB_FACTR_1_ID,CONTRIB_FACTR_2_ID,CONTRIB_FACTR_P1_ID,VEH_TRVL_DIR_ID,FIRST_HARM_EVT_INV_ID,INCAP_INJRY_CNT,NONINCAP_INJRY_CNT,POSS_INJRY_CNT,NON_INJRY_CNT,UNKN_INJRY_CNT,TOT_INJRY_CNT,DEATH_CNT
15225183,1,MOTOR VEHICLE,N,N,TX,1HFSC3206TA100008,1996,RED,HONDA,UNKNOWN,MOTORCYCLE,N,76470,1,PROOF OF LIABILITY INSURANCE,"MOTORCYCLE, SCOOTER, MOPED, ETC. ONLY",DAMAGED 1 MINIMUM,NA,NA,NA,NA,N,AA WRECKER,5709 B DENTON HIGHWAY,UNDER INFLUENCE - ALCOHOL,UNSAFE SPEED,NA,EAST,Y,1,0,0,0,0,1,0
15226183,1,MOTOR VEHICLE,N,N,TX,JYARM06E4FA003688,NA,BLK,YAMAHA,NA,MOTORCYCLE,N,78660,1,PROOF OF LIABILITY INSURANCE,RIGHT FRONT QUARTER DAMAGE ANGULAR IMPACT,DAMAGED 1 MINIMUM,12,DISTRIBUTED LEFT SIDE DAMAGE PARALLEL IMPACT,DAMAGED 4,12,N,OWNER,OWNER,FAILED TO DRIVE IN SINGLE LANE,PASSED ON RIGHT SHOULDER,NA,SOUTH,Y,1,0,0,0,0,1,0
15226469,1,MOTOR VEHICLE,N,N,WA,JS1GT77A772114261,2007,YEL,SUZUKI,NA,MOTORCYCLE,N,98433,2,NA,FRONT END DAMAGE DISTRIBUTED IMPACT,DAMAGED 7 HIGHEST,12,NA,NA,NA,N,PLATINUM TOWING,PLATINUM TOWING,FAILED TO CONTROL SPEED,NA,HAD BEEN DRINKING,SOUTH,Y,0,0,0,0,0,0,1
15226505,1,MOTOR VEHICLE,N,N,TX,JH2PC40087M000478,2007,WHI,HONDA,NA,MOTORCYCLE,N,75935,1,PROOF OF LIABILITY INSURANCE,FRONT END (RIGHT)  DAMAGE PARTIAL CONTACT,DAMAGED 2,1,NA,NA,NA,N,,,UNSAFE SPEED,OTHER (EXPLAIN IN NARRATIVE),NA,SOUTHWEST,Y,0,0,1,0,0,1,0
15227142,1,MOTOR VEHICLE,N,N,TX,,NA,WHI,YAMAHA,NA,MOTORCYCLE,N,78418,2,NA,"MOTORCYCLE, SCOOTER, MOPED, ETC. ONLY",DAMAGED 1 MINIMUM,3,"MOTORCYCLE, SCOOTER, MOPED, ETC. ONLY",DAMAGED 1 MINIMUM,3,N,APOLLO TOWING COMPANY,6342 HARWICK STREET CORPUS CHRISTI TX 78,OTHER (EXPLAIN IN NARRATIVE),NA,UNSAFE SPEED,WEST,Y,1,0,0,0,0,1,0
15227332,2,MOTOR VEHICLE,N,N,TX,JS1GW71A052110713,2005,GRY,SUZUKI,NA,MOTORCYCLE,N,79601,1,PROOF OF LIABILITY INSURANCE,"MOTORCYCLE, SCOOTER, MOPED, ETC. ONLY",DAMAGED 1 MINIMUM,6,NA,NA,NA,N,SUDDEN IMPACT TOWING,"442 WILLOW ST,, ABILENE, TX",NONE,NA,NA,WEST,Y,0,1,0,0,0,1,0
15228061,1,MOTOR VEHICLE,N,N,TX,1HD1KGM12BB632479,NA,BLK,HARLEY-DAVIDSON,UNKNOWN,MOTORCYCLE,N,76642,1,PROOF OF LIABILITY INSURANCE,LEFT SIDE AND TOP DAMAGE ROLLOVER EFFECTS,DAMAGED 1 MINIMUM,9,NA,NA,NA,N,SECURED BY FRIEND OF OWNER PER OWNER,AT SCENE,ANIMAL ON ROAD- DOMESTIC,NA,NA,SOUTHEAST,Y,0,0,1,0,0,1,0
15228285,1,MOTOR VEHICLE,N,N,TX,1HD1FYW186Y608326,2006,BLU,HARLEY-DAVIDSON,UNKNOWN,MOTORCYCLE,N,76006,1,PROOF OF LIABILITY INSURANCE,"MOTORCYCLE, SCOOTER, MOPED, ETC. ONLY",DAMAGED 1 MINIMUM,NA,NA,NA,NA,N,KELLY MCKNIGHT WRECKER 817-265-1336,"1108  HARRISON AVE, ARLINGTON, TX, 76011",FOLLOWED TOO CLOSELY,NA,DRIVER INATTENTION,NORTH,Y,0,0,0,1,0,0,0
15228959,2,MOTOR VEHICLE,N,N,TX,1HD1JA5117Y038579,2007,BLU,HARLEY-DAVIDSON,NA,MOTORCYCLE,N,76692,1,LIABILITY INSURANCE POLICY,FRONT END DAMAGE DISTRIBUTED IMPACT,DAMAGED 3,12,NA,NA,NA,N,LONESTAR,,NONE,NA,NA,NORTH,Y,1,0,0,0,0,1,0
15229305,2,MOTOR VEHICLE,N,N,TX,JS1VP53AX42103675,2004,YEL,SUZUKI,NA,MOTORCYCLE,N,75455,1,PROOF OF LIABILITY INSURANCE,FRONT END DAMAGE DISTRIBUTED IMPACT,DAMAGED 4,12,NA,NA,NA,N,DICKIE MORROW WRECKER,610 E 16TH ST,SPEEDING - (OVERLIMIT),NA,NA,NORTH,Y,0,1,0,0,0,1,0
15229398,3,MOTOR VEHICLE,N,N,TX,JYAVP11E27A094531,2007,GRY,YAMAHA,NA,MOTORCYCLE,N,76010,1,PROOF OF LIABILITY INSURANCE,"MOTORCYCLE, SCOOTER, MOPED, ETC. ONLY",DAMAGED 1 MINIMUM,6,NA,NA,NA,N,DRIVER,RELEASED,NONE,NA,NA,SOUTHEAST,N,0,0,0,1,0,0,0
15230887,3,MOTOR VEHICLE,N,N,TX,1HD1FCM11CB621228,NA,BLK,SUZUKI,NA,MOTORCYCLE,N,77088,2,NA,"MOTORCYCLE, SCOOTER, MOPED, ETC. ONLY",DAMAGED 1 MINIMUM,NA,NA,NA,NA,N,INFINITY TOWING SVC,8210 PINEMONT,NONE,NA,NA,NORTH,N,1,0,0,0,0,1,0
15233682,1,MOTOR VEHICLE,N,N,TX,JH2RC210XFM106568,1985,BLK,HONDA,UNKNOWN,MOTORCYCLE,N,76053,1,LIABILITY INSURANCE POLICY,"MOTORCYCLE, SCOOTER, MOPED, ETC. ONLY",DAMAGED 1 MINIMUM,1,NA,NA,NA,N,DF GONZALEZ,8906 MINES RD,FAILED TO CONTROL SPEED,NA,NA,SOUTH,Y,0,1,0,0,0,1,0
15234435,1,MOTOR VEHICLE,N,N,TX,1HD1CZ3139K429220,NA,BLK,HARLEY-DAVIDSON,NA,MOTORCYCLE,N,75503,1,PROOF OF LIABILITY INSURANCE,LEFT SIDE DAMAGE ANGULAR IMPACT,DAMAGED 2,9,BACK END DAMAGE CONCENTRATED IMPACT,DAMAGED 2,6,N,BUBBA GREEN'S TOWING,415 S. LAKE DR.,FAILED TO CONTROL SPEED,NA,NA,WEST,Y,0,0,1,0,0,1,0
15234755,1,MOTOR VEHICLE,N,N,NA,JHFSC46E76A402861,2006,GRY,HONDA,UNKNOWN,MOTORCYCLE,N,76240,1,PROOF OF LIABILITY INSURANCE,"MOTORCYCLE, SCOOTER, MOPED, ETC. ONLY",DAMAGED 1 MINIMUM,NA,NA,NA,NA,N,GILBERT'S WRECKER SVC - U.S. 82,GILBERT'S STORAGE FACILITY - GAINESVILLE,UNSAFE SPEED,NA,HAD BEEN DRINKING,NORTH,Y,1,0,0,0,0,1,0
15234838,1,MOTOR VEHICLE,N,N,TX,1HD1KTM16FB605574,NA,ONG,HARLEY-DAVIDSON,NA,MOTORCYCLE,N,77067,1,LIABILITY INSURANCE POLICY,"MOTORCYCLE, SCOOTER, MOPED, ETC. ONLY",DAMAGED 1 MINIMUM,12,NA,NA,NA,N,,,FAILED TO CONTROL SPEED,NA,NA,WEST,Y,0,0,0,1,0,0,0
15234985,2,MOTOR VEHICLE,N,N,TX,1HD1BW516BB024859,NA,BLK,HARLEY-DAVIDSON,NA,MOTORCYCLE,N,78228,2,NA,BACK END (LEFT) DAMAGE PARTIAL CONTACT,DAMAGED 2,7,FRONT END (LEFT) DAMAGE PARTIAL CONTACT,DAMAGED 2,11,Y,TEXAS ROADSIDE,GROWDON,NONE,NA,NA,NORTH,Y,0,0,1,0,0,1,0
15235232,2,MOTOR VEHICLE,N,N,TX,1HD1LL313GC406265,NA,BLK,HARLEY-DAVIDSON,NA,MOTORCYCLE,N,78516,1,PROOF OF LIABILITY INSURANCE,RIGHT BACK QUARTER DAMAGE ANGULAR IMPACT,DAMAGED 2,4,LEFT BACK QUARTER DAMAGE ANGULAR IMPACT,DAMAGED 2,7,N,DRIVEN BY DRIVER,PICKED UP BY INSURANCE COMPANY,NONE,NA,NA,WEST,Y,0,1,0,0,0,1,0
15236082,1,MOTOR VEHICLE,N,N,TX,1HD1CV3158K460010,NA,RED,HARLEY-DAVIDSON,UNKNOWN,MOTORCYCLE,N,77429,1,PROOF OF LIABILITY INSURANCE,FRONT END DAMAGE DISTRIBUTED IMPACT,DAMAGED 2,12,DISTRIBUTED LEFT SIDE DAMAGE PARALLEL IMPACT,DAMAGED 2,11,Y,CSI TOWING,5114 HWY 6N,FAILED TO CONTROL SPEED,NA,NA,NORTHWEST,Y,0,1,0,0,0,1,0
15236508,2,MOTOR VEHICLE,N,N,TX,1HD1CGP166K407951,2006,BLU,HARLEY-DAVIDSON,NA,MOTORCYCLE,N,76033,1,PROOF OF LIABILITY INSURANCE,"MOTORCYCLE, SCOOTER, MOPED, ETC. ONLY",DAMAGED 1 MINIMUM,NA,NA,NA,NA,N,LAWRENCE WRECKER,"8216 JESSEN ST. LILLIAN, TX 76061",NONE,NA,NA,NORTHWEST,Y,1,0,0,0,0,1,0
15236564,2,MOTOR VEHICLE,N,N,TX,19ZSS21A0WR001302,1998,BLK,HARLEY-DAVIDSON,NA,MOTORCYCLE,N,79935,1,PROOF OF LIABILITY INSURANCE,LEFT SIDE DAMAGE ANGULAR IMPACT,DAMAGED 5,9,RIGHT BACK QUARTER DAMAGE ANGULAR IMPACT,DAMAGED 5,4,Y,AD WRECKER,11615 RAILROAD,NONE,NA,NA,NORTH,Y,0,0,0,0,0,0,1
15238263,2,MOTOR VEHICLE,N,N,TX,1N9HW21035N209018,2005,BLK,UNKNOWN,UNKNOWN,MOTORCYCLE,N,77664,1,PROOF OF LIABILITY INSURANCE,"MOTORCYCLE, SCOOTER, MOPED, ETC. ONLY",DAMAGED 1 MINIMUM,NA,NA,NA,NA,N,,,NONE,NA,NA,SOUTH,Y,0,0,0,1,0,0,0
15238263,2,MOTOR VEHICLE,N,N,TX,1N9HW21035N209018,2005,BLK,UNKNOWN,UNKNOWN,MOTORCYCLE,N,77664,1,PROOF OF LIABILITY INSURANCE,"MOTORCYCLE, SCOOTER, MOPED, ETC. ONLY",DAMAGED 1 MINIMUM,NA,NA,NA,NA,N,,,NONE,NA,NA,SOUTH,Y,0,0,0,1,0,0,0
15238743,2,MOTOR VEHICLE,N,N,TX,JS1GP71L6C2106953,1982,99,SUZUKI,UNKNOWN,MOTORCYCLE,N,77084,2,NA,FRONT END DAMAGE DISTRIBUTED IMPACT,DAMAGED 4,12,NA,NA,NA,Y,AZLE TOWING,"12101 JACKSBORO HWY, AZLE TX 76020",FAULTY EVASIVE ACTION,NA,NA,NORTH,Y,0,0,0,0,0,0,1
15238746,2,MOTOR VEHICLE,N,N,MN,MLHMD3813D5000892,NA,WHI,HONDA,NA,MOTORCYCLE,N,78703,1,LIABILITY INSURANCE POLICY,FRONT END DAMAGE DISTRIBUTED IMPACT,DAMAGED 2,12,NA,NA,NA,Y,AVILES & GABES WRECKER SERVICE INC.,AVILES & GABES WRECKER SERVICE INC.,NONE,NA,NA,NORTHWEST,Y,0,0,1,0,0,1,0
15239066,1,MOTOR VEHICLE,N,N,98,5RYSJ10967J009390,NA,BLK,ALL OTHER MAKES,UNKNOWN,MOTORCYCLE,N,75462,2,NA,RIGHT SIDE AND TOP DAMAGE ROLLOVER EFFECTS,DAMAGED 1 MINIMUM,6,NA,NA,NA,N,DC'S TOWING,325 CLEMENT ROAD,UNDER INFLUENCE - ALCOHOL,NA,DRIVER INATTENTION,EAST,Y,1,0,0,0,0,1,0
15240677,1,MOTOR VEHICLE,N,N,TX,JKAEXEE15CDA02014,NA,BLK,KAWASAKI,NA,MOTORCYCLE,N,78201,1,LIABILITY INSURANCE POLICY,LEFT SIDE DAMAGE ANGULAR IMPACT,DAMAGED 3,9,RIGHT SIDE DAMAGE ANGULAR IMPACT,DAMAGED 2,3,N,DRIVEN HOME,DRIVER 1,NONE,NA,NA,EAST,Y,0,0,1,0,0,1,0
15241352,1,MOTOR VEHICLE,N,N,TX,JS1GW71A262113436,2006,RED,SUZUKI,NA,MOTORCYCLE,N,78239,2,NA,"MOTORCYCLE, SCOOTER, MOPED, ETC. ONLY",DAMAGED 1 MINIMUM,9,FRONT END DAMAGE DISTRIBUTED IMPACT,DAMAGED 1 MINIMUM,12,Y,RICHARDS TOWING,GROWDON POUND,DRIVER INATTENTION,FOLLOWED TOO CLOSELY,NA,SOUTHEAST,Y,0,0,1,0,0,1,0
15241636,2,MOTOR VEHICLE,N,N,TX,1HD1FCW116Y639792,2006,BLK,HARLEY-DAVIDSON,UNKNOWN,MOTORCYCLE,N,76111,1,PROOF OF LIABILITY INSURANCE,DISTRIBUTED LEFT SIDE DAMAGE PARALLEL IMPACT,DAMAGED 1 MINIMUM,NA,DISTRIBUTED RIGHT SIDE DAMAGE PARALLEL IMPACT,DAMAGED 1 MINIMUM,NA,N,,,NONE,NA,NA,EAST,Y,0,0,0,1,0,0,0
15241953,1,MOTOR VEHICLE,N,N,TX,1HD1KRM11FB687619,NA,WHI,HARLEY-DAVIDSON,UNKNOWN,MOTORCYCLE,N,79059,1,PROOF OF LIABILITY INSURANCE,LEFT SIDE DAMAGE ANGULAR IMPACT,DAMAGED 2,9,RIGHT SIDE DAMAGE ANGULAR IMPACT,DAMAGED 2,3,N,RELEASED TO OWNER,LEFT ON SCENE WITH PROP OWNER CONSENT,UNSAFE SPEED,NA,NA,SOUTHWEST,Y,0,0,0,1,0,0,0
15242170,1,MOTOR VEHICLE,N,N,TX,1HD1KB414BB650646,NA,MAR,HARLEY-DAVIDSON,NA,MOTORCYCLE,N,77047,1,PROOF OF LIABILITY INSURANCE,FRONT END (LEFT) DAMAGE PARTIAL CONTACT,DAMAGED 3,11,LEFT SIDE DAMAGE ANGULAR IMPACT,DAMAGED 2,9,N,NOT TOWED,,FOLLOWED TOO CLOSELY,FAULTY EVASIVE ACTION,NA,NORTHEAST,Y,0,1,0,0,0,1,0
15242521,2,MOTOR VEHICLE,N,N,TX,JKAEXEF11GDA25780,NA,GRY,KAWASAKI,NA,MOTORCYCLE,N,77521,1,PROOF OF LIABILITY INSURANCE,FRONT END DAMAGE CONCENTRATED IMPACT,DAMAGED 3,12,NA,NA,NA,N,MORIN WRECKER SERVICE,"2913 SHAVER, PASADENA",NONE,NA,NA,SOUTH,Y,0,1,0,0,0,1,0
15242539,1,MOTOR VEHICLE,N,N,TX,5VPTB16D943001337,2004,MUL,VICTORY,UNKNOWN,MOTORCYCLE,N,75009,1,PROOF OF LIABILITY INSURANCE,"MOTORCYCLE, SCOOTER, MOPED, ETC. ONLY",DAMAGED 1 MINIMUM,NA,NA,NA,NA,Y,POLANSKY'S WRECKER,"309 EAST OAK ST, WEST TX 76691",UNDER INFLUENCE - ALCOHOL,CHANGED LANE WHEN UNSAFE,NA,NORTH,Y,0,1,0,0,0,1,0
15242754,2,MOTOR VEHICLE,N,N,TX,1HD1KRM11EB692298,NA,BLK,HARLEY-DAVIDSON,NA,MOTORCYCLE,N,76557,1,PROOF OF LIABILITY INSURANCE,DISTRIBUTED RIGHT SIDE DAMAGE PARALLEL IMPACT,DAMAGED 2,1,LEFT SIDE DAMAGE ANGULAR IMPACT,DAMAGED 2,9,N,MACEDO,204 E MCGREGOR DR MCGREGOR TX 76657,NONE,NA,NA,SOUTH,Y,0,0,0,1,0,0,0
15242754,3,MOTOR VEHICLE,N,N,TX,MLHPC4415D5003353,NA,BLK,HONDA,NA,MOTORCYCLE,N,78602,1,PROOF OF LIABILITY INSURANCE,DISTRIBUTED RIGHT SIDE DAMAGE PARALLEL IMPACT,DAMAGED 2,1,DISTRIBUTED LEFT SIDE DAMAGE PARALLEL IMPACT,DAMAGED 2,11,N,MACEDO,"204 E MCGREGOR DR, MCGREGOR TX 76657",NONE,NA,NA,SOUTH,N,0,0,1,0,0,1,0
15243364,1,MOTOR VEHICLE,N,N,TX,JKAZXCJ14FA026156,NA,GRY,KAWASAKI,NA,MOTORCYCLE,N,77026,1,LIABILITY INSURANCE POLICY,"MOTORCYCLE, SCOOTER, MOPED, ETC. ONLY",DAMAGED 1 MINIMUM,NA,NA,NA,NA,N,APPLE TOWING,1301 DART ST,UNDER INFLUENCE - ALCOHOL,NA,NA,EAST,Y,0,0,0,0,0,0,1
15243475,2,MOTOR VEHICLE,N,N,TX,JYARN23E3EA017061,NA,GRY,YAMAHA,NA,MOTORCYCLE,N,77039,1,PROOF OF LIABILITY INSURANCE,"MOTORCYCLE, SCOOTER, MOPED, ETC. ONLY",DAMAGED 1 MINIMUM,NA,NA,NA,NA,N,AIRLINE WRECKER,8050 NORTH FRWY,NONE,NA,NA,EAST,N,0,0,1,0,0,1,0
15243475,3,MOTOR VEHICLE,N,N,TX,JS1GX72B7D2101851,NA,YEL,SUZUKI,NA,MOTORCYCLE,N,77050,1,PROOF OF LIABILITY INSURANCE,"MOTORCYCLE, SCOOTER, MOPED, ETC. ONLY",DAMAGED 1 MINIMUM,NA,NA,NA,NA,N,RS TOWING,11360 EASTEX FRWY,NONE,NA,NA,EAST,N,1,0,0,0,0,1,0
15244233,2,MOTOR VEHICLE,N,N,TX,1HD4LE219FC417392,NA,SIL,HARLEY-DAVIDSON,UNKNOWN,MOTORCYCLE,N,,1,PROOF OF LIABILITY INSURANCE,FRONT END DAMAGE DISTRIBUTED IMPACT,DAMAGED 1 MINIMUM,10,DISTRIBUTED LEFT SIDE DAMAGE PARALLEL IMPACT,DAMAGED 1 MINIMUM,7,N,DRIVER,TOWED AWAY BY OWNER,NONE,NA,NA,NORTH,Y,0,0,1,0,0,1,0
15245674,2,MOTOR VEHICLE,N,N,TX,JYHVM01E73A059092,2003,WHI,YAMAHA,UNKNOWN,MOTORCYCLE,N,79835,1,PROOF OF LIABILITY INSURANCE,RIGHT BACK QUARTER DAMAGE ANGULAR IMPACT,DAMAGED 2,5,NA,NA,NA,N,DRIVER,OFF ROADWAY,NONE,NA,NA,NORTH,Y,0,1,0,1,0,1,0
15245906,2,MOTOR VEHICLE,N,N,TX,1HD1GX419DC321145,NA,BLK,HARLEY-DAVIDSON,UNKNOWN,MOTORCYCLE,N,75751,1,PROOF OF LIABILITY INSURANCE,FRONT END DAMAGE DISTRIBUTED IMPACT,DAMAGED 1 MINIMUM,12,NA,NA,NA,N,ATHENS WRECKER,711 N. PROAIRIEVILLE STREET ATHENS TEXAS,NONE,NA,NA,WEST,Y,0,1,0,0,0,1,0
15247031,1,MOTOR VEHICLE,N,N,TX,1HD4CEM191K153487,2001,BLK,HARLEY-DAVIDSON,UNKNOWN,MOTORCYCLE,N,77327,1,PROOF OF LIABILITY INSURANCE,"MOTORCYCLE, SCOOTER, MOPED, ETC. ONLY",DAMAGED 1 MINIMUM,NA,NA,NA,NA,Y,EAST TEXAS TOWING 936-628-3206,"10598 SH 150, SHEPHERD, TX 77371",UNDER INFLUENCE - ALCOHOL,FAILED TO DRIVE IN SINGLE LANE,NA,EAST,Y,1,0,0,0,0,1,0
15247606,1,MOTOR VEHICLE,N,N,TX,JS1VP52A222102907,2002,SIL,SUZUKI,NA,MOTORCYCLE,N,78232,1,PROOF OF LIABILITY INSURANCE,"MOTORCYCLE, SCOOTER, MOPED, ETC. ONLY",DAMAGED 1 MINIMUM,9,NA,NA,NA,N,RELEASED TO OWNER,RELEASED TO OWNER,FAILED TO CONTROL SPEED,NA,UNSAFE SPEED,WEST,Y,0,1,0,0,0,1,0
15247608,1,MOTOR VEHICLE,N,N,TX,1HD1KGM15BB622321,NA,BLK,HARLEY-DAVIDSON,NA,MOTORCYCLE,N,77356,1,PROOF OF LIABILITY INSURANCE,"MOTORCYCLE, SCOOTER, MOPED, ETC. ONLY",DAMAGED 1 MINIMUM,12,NA,NA,NA,Y,,,DRIVER INATTENTION,FAILED TO HEED WARNING SIGN,NA,SOUTHEAST,Y,0,1,0,0,0,1,0
15247926,1,MOTOR VEHICLE,N,N,TX,JKBZXJB124A030752,2004,BLK,KAWASAKI,NA,MOTORCYCLE,N,79601,1,PROOF OF LIABILITY INSURANCE,"MOTORCYCLE, SCOOTER, MOPED, ETC. ONLY",DAMAGED 1 MINIMUM,NA,NA,NA,NA,N,RELEASED TO OWNER,NOT TOWED,FAILED TO CONTROL SPEED,NA,NA,WEST,Y,0,1,0,0,0,1,0
15250503,2,MOTOR VEHICLE,N,N,TX,1HD1BWV15EB020418,NA,WHI,HARLEY-DAVIDSON,UNKNOWN,MOTORCYCLE,N,78154,1,PROOF OF LIABILITY INSURANCE,BACK END DAMAGE DISTRIBUTED IMPACT,DAMAGED 7 HIGHEST,6,NA,NA,NA,N,JOHNNY'S WRECKER SERVICE,JOHNNY'S WRECKER YARD,NONE,NA,NA,SOUTH,Y,1,0,0,0,0,1,0
15250758,2,MOTOR VEHICLE,N,N,TX,1HD1GXM1XFC318595,NA,BLK,HARLEY-DAVIDSON,UNKNOWN,MOTORCYCLE,N,78539,1,PROOF OF LIABILITY INSURANCE,"MOTORCYCLE, SCOOTER, MOPED, ETC. ONLY",DAMAGED 1 MINIMUM,NA,NA,NA,NA,Y,LUNA'S WRECKER SERVICE,"1601 N. BICENTENNIAL BLVD IN MCALLEN, TX",NONE,NA,NA,NORTH,Y,1,0,0,0,0,1,0
15251062,1,MOTOR VEHICLE,N,N,TX,JH2AF5814EK200945,NA,BLK,HONDA,NA,MOTORCYCLE,N,78586,1,PROOF OF LIABILITY INSURANCE,"MOTORCYCLE, SCOOTER, MOPED, ETC. ONLY",DAMAGED 1 MINIMUM,9,NA,NA,NA,N,TAKEN BY FAMILY MEMBER,TAKEN BY FAMILY MEMBER,NONE,NA,NA,SOUTH,Y,0,1,0,0,0,1,0